id;motor_size;model_name;wheel_size;transmission;color;year_of;price
1;San deposit Berkshire;facilitate Towels;one-to-one;Cuban Profit-focused;grey;18519;18261
2;calculate;Nebraska calculate;Small Human Front-line;empowering Ghana parsing;black;832;41918
3;yellow;generate efficient Designer;Maryland;optimize Integration;ivory;87002;35617
4;motivating Avon Group;Handcrafted;synthesizing Practical;web gold;pink;11833;53607
5;invoice;Nakfa Baht;Loan;actuating Automotive;cyan;35017;86526
6;Central Officer optical;Concrete;Gardens index;Assistant;azure;11642;6676
7;Fantastic;copy transmit;Cliffs Dynamic;International methodology;blue;87984;58017
8;Brand Roads Pizza;optimizing stable;Handcrafted;Facilitator azure;pink;9596;96680
9;British;input;Lats Pizza Alabama;mobile Leone;ivory;5547;48343
10;synthesize;Account matrix program;Total Handmade;Greens;ivory;41727;10812
