id;title;description;image_path;url
1;Cambridgeshire mindshare Djibouti;transition;Refined overriding Arabia;https://fausto.com
2;Spain;neutral Home;out-of-the-box Alabama Fork;http://nikita.org
3;Chips Field microchip;Korea Awesome Valleys;Trail Designer;http://muriel.com
4;Designer;brand;empowering;http://delta.org
5;XML Nebraska;Courts Dynamic generating;capacitor;http://elouise.com
6;transmitting cultivate;Fundamental;Gorgeous plug-and-play;http://lorenz.net
7;Handcrafted system dot-com;Grass-roots;quantify;http://coby.com
8;back-end;Bacon New;Object-based Garden Carolina;https://taurean.org
9;Marketing;Internal Cambridgeshire;Islands Jewelery;http://gladys.biz
10;New users Group;array;Principal HDD;https://garry.info
