id;name;issue;issue_date
1;Public-key Nevada Ports;Account;2023-10-08
2;Account;Global Plastic Granite;2023-10-08
3;channels transmitting quantify;backing;2023-10-08
4;innovative JSON Granite;Strategist withdrawal infrastructures;2023-10-08
5;Shirt Saint;Producer Human Account;2023-10-08
6;Associate;Dong Utah;2023-10-08
7;driver;channels;2023-10-08
8;Interactions Facilitator;scalable e-business Concrete;2023-10-08
9;back-end copying;IB port Hungary;2023-10-08
10;Plastic matrix;Handmade circuit;2023-10-08
